EmployeeNumber,turnover_score
1,0.8897257484143724
2,0.2011659219059051
4,0.9531280224156566
5,0.2089180452273925
7,0.15941404207260446
8,0.07235209502680891
10,0.5584506404901142
11,0.16386885362287534
12,0.11761308610341216
13,0.16187464430499743
14,0.08867766503204294
15,0.5762229751608836
16,0.18924463084840418
18,0.2911687544998337
19,0.9803020282186948
20,0.26590081080140043
21,0.1433177811792832
22,0.5735537918871252
23,0.16328462015457093
24,0.5660772053333477
26,0.172404139573785
27,0.9105784636473491
28,0.17800119005600276
30,0.22915933467404057
31,0.7456382125525014
32,0.11821667452512155
33,0.9588984368577191
35,0.04600445848079417
36,0.3239208646425106
38,0.29289080677730106
39,0.22961181290087215
40,0.22173273157796397
41,0.3022767522740813
42,0.8967609219946909
45,0.9434764309764309
46,0.03576667631914411
47,0.8509843195957123
49,0.12794212964240598
51,0.5424673552272673
52,0.1821991663258646
53,0.40330499079938475
54,0.21064062437301875
55,0.9623979019217116
56,0.28312538256739755
57,0.0656197673726057
58,0.8343772525046317
60,0.14397486691739347
61,0.19438916495783742
62,0.5286980723866962
63,0.35887309985338617
64,0.9100481216380385
65,0.8658201600753037
68,0.36452410774320193
70,0.2457277681644964
72,0.6610728982951206
73,0.19855239069524783
74,0.12157275918919894
75,0.24081668654585317
76,0.08719647678478666
77,0.15265605139553393
78,0.06732841706975655
79,0.25184530604536326
80,0.24408836187344957
81,0.36897860593512766
83,0.12965871179799507
84,0.20914875525656512
85,0.11473762488280549
86,0.052363606878630835
88,0.09119319601885623
90,0.8743883443944104
91,0.42767071057453554
94,0.044584853927857396
95,0.6125531748914038
96,0.04487735854918586
97,0.37154434367089173
98,0.03976273861350347
100,0.27075909949437516
101,0.13980921517699568
102,0.19641823595868538
103,0.38138832101521447
104,0.2870860273009396
105,0.20497040251980442
106,0.3516717069713645
107,0.12346475773648356
110,0.07472302763201566
112,0.2320595084392103
113,0.17787085137085132
116,0.03860686129753288
117,0.1316082436133822
118,0.6905171463202624
119,0.06891535860836735
120,0.7416877366684534
121,0.06340711232796098
124,0.09777150365326902
125,0.2397091889886717
126,0.22025079106373988
128,0.1004342170479379
129,0.32228868677805694
131,0.37775758428496303
132,0.1695224870782294
133,0.9378856020522687
134,0.5541781646521999
137,0.9473180268136867
138,0.09604629106021229
139,0.07955848155185032
140,0.06089426688483293
141,0.15775390184646085
142,0.8685644815552602
143,0.10312137086301243
144,0.6267599998138953
145,0.1823896562265629
147,0.9330816637179102
148,0.16126984126984126
150,0.1931855154674727
151,0.22069742023521544
152,0.09460554566583522
153,0.22372244294282098
154,0.08641424261307612
155,0.19803773730862959
158,0.1902091244808503
159,0.18658464265503988
160,0.10783783891687079
161,0.9188290349189472
162,0.10792807954245702
163,0.886918805232483
164,0.263082146052926
165,0.7837313814276472
167,0.994212962962963
169,0.26192284380477304
170,0.11000095241263863
171,0.06109360564483778
174,0.1140846170147106
175,0.9204630193014696
176,0.2859483056836995
177,0.13158987913755021
178,0.2483707800909053
179,0.6297948030282996
182,0.05760235841838001
183,0.4523709763899687
184,0.10845542676934651
190,0.9015130725350023
192,0.2533144750475942
193,0.3773500573500575
194,0.18511513429977117
195,0.19531030248941128
197,0.23723247908910394
198,0.1172104257695845
199,0.1065161643022608
200,0.13558397792086907
201,0.7204354267173738
202,0.13786288119207704
204,0.2152635264887883
205,0.1707901596611274
206,0.3435832359515623
207,0.14294477475585432
208,0.12075351431330661
211,0.09877885977678089
214,0.5659606653766329
215,0.26361402342470736
216,0.13255576545253828
217,0.06619878436454316
218,0.33473332068739775
221,0.27199082466377633
223,0.35674502966169636
224,0.20253285457232828
226,0.10129849276535328
227,0.09370063033690625
228,0.08411579008614636
230,0.11629098398995116
231,0.35883484630585577
233,0.5141879006566731
235,0.9167685185185186
238,0.14593431097966364
239,0.33875617447132667
240,0.45580989763054985
241,0.4541001828621083
242,0.11351874401328603
243,0.943318216175359
244,0.40289085404098135
245,0.14355391040530907
246,0.16292536395252868
247,0.10117655806698653
248,0.9606481815899202
249,0.06758251594622498
250,0.10223777225705964
252,0.117221655787481
253,0.024059407440145453
254,0.1759053255530921
256,0.05755315462286804
258,0.15127762349247706
259,0.28498885644642435
260,0.24453338816683348
261,0.9624808737294139
262,0.07251331500202936
264,0.19355495406930234
267,0.5221950841961808
269,0.09504626450229219
270,0.0167285587337192
271,0.037051210681789765
273,0.16529037172102007
274,0.1496206657046126
275,0.17660379617971206
277,0.3506423964428372
281,0.662033380471773
282,0.8108654016548753
283,0.8869341641139887
284,0.2983490365843307
286,0.23022146355619286
287,0.06368183148137237
288,0.19446704699793924
291,0.8578776621322226
292,0.15279970733290713
293,0.19505318909607616
296,0.0751160950198
297,0.8483701874640364
298,0.37581916641427204
299,0.8065205399523424
300,0.664548348368444
302,0.1758700592833246
303,0.09474815620278208
304,0.19220552011058886
305,0.3171348669043202
306,0.056565994615523134
307,0.42112230356421976
308,0.03439136766495653
309,0.12520877738675779
311,0.15873552127123539
312,0.22729181424568903
314,0.15930163539387285
315,0.9701194110122682
316,0.3258221591015249
319,0.11166928679090884
321,0.1347127209370238
323,0.05036509800688493
325,0.8813428932178932
327,0.0522111264828523
328,0.7616565067022462
329,0.5583647675889055
330,0.09089573141810166
331,0.8743624723668422
332,0.2577422611598223
333,0.21492489078973367
334,0.28337608335847775
335,0.1361318704524499
336,0.08668471817714737
337,0.0809384729934763
338,0.15888632978291561
339,0.10638559665475052
340,0.04655020480324475
341,0.03676804630892021
342,0.7660575845722905
343,0.10661275501301376
346,0.1956824354487563
347,0.6688240127784139
349,0.0773523808205196
350,0.08243952252494849
351,0.5082805809067888
352,0.07871836326957656
353,0.3462693094135873
355,0.6927719586602558
359,0.14913408238779416
361,0.051410055775544736
362,0.22232543901236804
363,0.34126592370620484
364,0.9311591113604297
366,0.3476034448539983
367,0.2130752379942411
369,0.1584202469986984
372,0.3170114716989717
373,0.04172496120630185
374,0.5488633430874811
376,0.87147598083821
377,0.23274550053502152
378,0.08718560675758684
379,0.16360986598717256
380,0.16838589020606565
381,0.04262094972608552
382,0.3512956484225013
384,0.07078210006433473
385,0.09848016669223245
386,0.12945957864014393
387,0.11282336985584643
388,0.07620638761977581
389,0.14151736742455268
390,0.22436134488662382
391,0.20401092601564794
392,0.8896384442288517
393,0.1828518071531517
394,0.840734126984127
395,0.13521082160741574
396,0.4768029809696477
397,0.28682060137763005
399,0.15367710329637693
401,0.9420369682698055
403,0.7603416974479594
404,0.2141604231676547
405,0.929106403478252
406,0.13759275264372375
407,0.10020227866931501
408,0.10134919530533931
410,0.14085096617615206
411,0.7315367106438534
412,0.516963609217291
416,0.3154761274961409
417,0.06931279279748355
419,0.08314094372719717
420,0.09792854491582739
421,0.07789170621422427
422,0.39897016653930517
423,0.12285196400732792
424,0.5168324615199615
425,0.12404582027167427
426,0.2210487608360679
428,0.14523450340186098
429,0.3154359567901235
430,0.1609829956145341
431,0.1636111111111111
433,0.49255907896509094
434,0.35467595889282805
436,0.19122240962428844
437,0.24890655353064473
438,0.12573014923897424
439,0.11326112346157476
440,0.6091862108780909
441,0.04828100072611497
442,0.06211696330239492
444,0.050444699458350645
445,0.8677884998954069
446,0.25452452018623006
447,0.06280838100408997
448,0.052523199030560304
449,0.321869510680218
450,0.0705875533214076
451,0.21972111887144566
452,0.06754448810110189
453,0.3183764143045536
454,0.9410656270305392
455,0.11713399910429868
456,0.1443665144304421
458,0.09142688497260501
460,0.09085298510236649
461,0.14636674511617456
462,0.1840255156859167
463,0.18212360315185663
464,0.12613293161299133
465,0.07725640792079881
466,0.5181620907378466
467,0.17593841839629593
468,0.3041787064113024
469,0.024886557287842132
470,0.2117619919583753
471,0.1357169449304942
473,0.3951461988304094
474,0.3147825487255564
475,0.2604314610016364
476,0.14714888805729945
477,0.27683746315244
478,0.917406015037594
479,0.06918274313046799
481,0.33642121356292576
482,0.07839728447992561
483,0.39630434380434376
484,0.14200978659153266
485,0.89445583203294
486,0.21386978733961673
487,0.04808733316613664
488,0.8337911302099316
491,0.33203845180224645
492,0.875486335949269
493,0.24769950275468103
494,0.8988058091923639
495,0.24658093792892188
496,0.10906534724875191
497,0.19403548263299908
498,0.153082804413916
499,0.17538479977117336
500,0.21838287860893285
501,0.044640242522165315
502,0.9230773809747645
505,0.3865986070183971
507,0.3457972740003184
508,0.3724197284197284
510,0.8649317209706217
511,0.39798215757921945
513,0.2881207298791403
514,0.9299572649572649
515,0.1966243704438864
516,0.18907837355323068
517,0.04629551262400417
518,0.5730168897277742
520,0.10597169420559452
521,0.17161162091938323
522,0.07058003756058237
523,0.17614956350055477
524,0.13390913852041916
525,0.11864601923618227
526,0.13793668920349025
527,0.23306179654578346
529,0.17155324754008963
530,0.2659188532012871
531,0.12084381506619878
532,0.3401582116741204
533,0.1058557099134057
534,0.13945092746680604
536,0.13082838419715367
538,0.8205413639674084
543,0.1664102286185539
544,0.25296939937620777
546,0.07122547527773802
547,0.09431690940152695
548,0.11702269074140123
549,0.1298857796630785
550,0.09097576121571664
551,0.07745260075425642
554,0.9195972753429353
555,0.8991428623801266
556,0.6377279903489581
558,0.07979360109684565
560,0.19484225378412906
562,0.12325736036555814
564,0.05285286067020232
565,0.7513825201978154
566,0.9643830309901739
567,0.45886882271480894
568,0.4124077717985041
569,0.2730550509400496
571,0.09036218010937386
573,0.40661935176100905
574,0.2916316474606026
575,0.32552490835917663
577,0.11421790120167233
578,0.2601982468488622
579,0.08075954654565366
580,0.21713729974980756
581,0.07147425040176357
582,0.9132706779430981
584,0.8681785295301923
585,0.3299609933489358
586,0.43619791601940194
587,0.8898227513227513
590,0.7973508938009822
591,0.29507799137958574
592,0.3294488693208606
593,0.7194229422783599
595,0.11023352171294411
597,0.152006343305604
599,0.20015190411452793
600,0.36609637635994247
601,0.039775952718697834
602,0.10096625600551867
604,0.5480423064229766
605,0.25555249293825383
606,0.048336282848027365
608,0.9031576698709163
611,0.2694538624848932
612,0.10818224891926746
613,0.1366049325396463
614,0.8186229462545251
615,0.11616982930178141
616,0.18200912450912451
618,0.534715715535977
620,0.210587483276493
621,0.09781169928453759
622,0.9943783068783069
623,0.05263676548459296
624,0.4109409695271844
625,0.19179042222257614
626,0.3891550750496731
630,0.20238535261013335
631,0.6310636675186001
632,0.3152686437657604
634,0.12171018190068596
635,0.14300799694328264
638,0.08765523765523765
639,0.6281273126534563
641,0.17125367592312338
643,0.24620760340613132
644,0.1003378698109444
645,0.21702882936721896
647,0.8205375178106737
648,0.8715981240981241
649,0.35698016770963925
650,0.8814622762731771
652,0.3335737644548112
653,0.15755207976174732
655,0.21214839407682165
656,0.35329460863640727
657,0.6367252490905368
659,0.11967121114384044
661,0.18262423107021392
662,0.4615885193429725
663,0.22344014240242488
664,0.05457106074753134
665,0.29502815153032136
666,0.5776168430335098
667,0.7706390868494342
669,0.2059946649825134
671,0.2648514583877405
675,0.11727329096972369
677,0.04441275072156052
679,0.24599334652574964
680,0.19831627680311895
682,0.14032114165886095
683,0.10051730736322921
684,0.8666276803118907
686,0.6312569334127848
689,0.06377720148269363
690,0.03424799162224657
691,0.1890493300113193
692,0.123216221564987
698,0.25355162487567917
699,0.33708225294194644
700,0.45535140713602545
701,0.8559020998971979
702,0.9270589022479524
704,0.5666280039051685
705,0.3118181239058009
707,0.026768596932112903
709,0.09797009717616843
710,0.05445027963011401
712,0.14312713251252554
714,0.2414240397865083
715,0.23339226854247833
716,0.11080246913580248
717,0.1992618832235298
720,0.8886420765147711
721,0.07312331052595195
722,0.0796922868470176
723,0.6625616982093399
724,0.09661144475742924
725,0.24196031555792047
727,0.08675223845764833
728,0.26698503278050456
729,0.26648592288633854
730,0.05964482662746174
731,0.10824300698026072
732,0.5020874941587282
733,0.10533427601310213
734,0.04676820828086539
738,0.07902909834245055
741,0.9585719373219374
742,0.09917029899658239
743,0.16090529840529844
744,0.1760536133596021
746,0.138297584481795
747,0.2304259778106488
749,0.24777796522661338
752,0.9405285883930773
754,0.1544536811651294
757,0.1373247437421577
758,0.3337691717891624
760,0.22176690332068785
762,0.11805458440269925
763,0.3478845410217959
764,0.4906090161860716
766,0.13097351073435587
769,0.18967969957915132
771,0.10517107057428501
772,0.057231252399067935
773,0.2585742086429985
775,0.24861927303698614
776,0.14345794596027436
780,0.9360018752918028
781,0.2188068293291269
783,0.11863817166922111
784,0.3803982928539966
785,0.861846844617035
786,0.05526917033014249
787,0.8154631156152722
789,0.4245072446470958
791,0.10914456024913043
792,0.1295739710619032
793,0.3055044974556561
796,0.8221267556355274
797,0.17584915761901507
799,0.21372837514413878
800,0.11838287624158185
802,0.44866730442483327
803,0.5450135531850595
804,0.3070240968747034
805,0.10047916369754799
806,0.0712171129907858
807,0.0776926169939261
808,0.20794895370372476
809,0.12898203386020232
811,0.9324975949975949
812,0.4012353992496549
813,0.11724187872795001
815,0.05415576916337027
816,0.9677952448785783
817,0.2033930317911458
819,0.9197927689594357
820,0.1844626775748351
823,0.056005917864429024
824,0.034079731371937955
825,0.7629693406009196
826,0.09306615485353108
827,0.32653913768134857
828,0.5539172816141001
829,0.18804750534789028
830,0.08001464826602882
832,0.18659065397842237
833,0.59467719110563
834,0.2746538093351819
836,0.09397772920822478
837,0.2356623483038347
838,0.09066805137379866
840,0.5703258217318142
842,0.6453193960525033
843,0.036006934536917674
844,0.04926806613111615
845,0.026698573101218637
846,0.246876388601357
847,0.29200916135322424
848,0.9267003367003366
850,0.4143160423914921
851,0.21276910557889792
852,0.062041610196716696
854,0.5927613156823683
855,0.22950035554880202
856,0.17658916939809458
857,0.1947229491287358
859,0.2989360623369896
861,0.19843325165385167
862,0.44411439397185004
864,0.3861549012152875
865,0.03921893984059418
867,0.05302144465917004
868,0.08195669922319
869,0.1345336369192962
872,0.20958903499348552
874,0.25187563521799017
875,0.546515222355426
878,0.4027140929346289
879,0.4020716837628602
880,0.10230557609064624
881,0.9585802469135802
882,0.20589752698761168
885,0.15057111001174509
887,0.048958889940190355
888,0.15451326574524488
889,0.07763452838687064
893,0.281431931028647
894,0.29892012416812463
895,0.5215540499103117
896,0.9064568655312228
897,0.1520320760202754
899,0.05599715036111349
900,0.2473200278104715
901,0.13488408718719233
902,0.10731106443936281
903,0.37706580384259636
904,0.21382856341189674
905,0.18526806891518782
909,0.21390213824977353
910,0.2314662806329473
911,0.983249525945886
912,0.32796520933391593
913,0.7094875473520363
916,0.11777552188117842
918,0.8452346041055717
920,0.1312069983125769
922,0.7716673532032085
923,0.7834190827860618
924,0.04918836915788135
925,0.5939776459626946
926,0.9048930098491499
927,0.8735835136501336
930,0.0888254008472243
932,0.9318340147506815
933,0.6655540834586543
934,0.4287923134491747
936,0.29386486876469875
939,0.287453786613425
940,0.26027090356037724
941,0.3327430687591419
942,0.16383456373039706
944,0.20736704857870542
945,0.15052371317024132
947,0.15065169692288877
949,0.18716583963733874
950,0.025828756337690686
951,0.17453171864217354
952,0.9813051146384479
954,0.22306525471688707
956,0.16545150516510865
957,0.43718891732049625
958,0.13395983133445974
959,0.9831111111111112
960,0.9680250694294811
961,0.14354460656939852
964,0.18304151501519925
966,0.14468310019568717
967,0.8409659541862012
969,0.09223238312796601
970,0.93747116167248
972,0.05355372921014163
974,0.4205710402259722
975,0.17601849440519354
976,0.06641469908523459
977,0.40520003518648845
981,0.12657319845575266
982,0.43627330663187514
983,0.2513117438117438
984,0.19852714960000054
985,0.11181821427457236
986,0.9162937278770612
987,0.3014905755447573
990,0.2050826161249348
991,0.9479982006297795
992,0.25915796229336896
994,0.992316067947647
995,0.10065219399225991
996,0.060755985844889004
997,0.12680856623635467
998,0.2679024164429866
999,0.06607319419055782
1001,0.3846646824178736
1002,0.1303299736203398
1003,0.6054510054439771
1004,0.9970216049382716
1005,0.09412945605379816
1006,0.21056268294557037
1007,0.10444608264230913
1009,0.10017194174578085
1010,0.8952527001144678
1011,0.1146687082208787
1012,0.7039856902356901
1013,0.1133887048438775
1014,0.277622259059759
1015,0.198244937524518
1016,0.9752925198265993
1017,0.7833234787202881
1018,0.0842465694404213
1019,0.19073941492461216
1022,0.1548146066907701
1024,0.1739534100310583
1025,0.1535164059082617
1026,0.008409232369401325
1027,0.06636683611082766
1028,0.11420931228432545
1029,0.1559898494868225
1030,0.4508906333214409
1032,0.39881741922576774
1033,0.8803211233211232
1034,0.3136667440102038
1035,0.3444972083178677
1036,0.23877831374841943
1037,0.9345352295623195
1038,0.8927940115440115
1039,0.0913791792473963
1040,0.1859823874444254
1042,0.7335351617106423
1043,0.6301526118109603
1044,0.36784886054094346
1045,0.10172546318057392
1046,0.14690299515098976
1047,0.29926943289185004
1048,0.37912982326665184
1049,0.27139003818125307
1050,0.3297207746203271
1052,0.9053594658186161
1053,0.9142760942760944
1055,0.6372123485833162
1056,0.22749220272904486
1060,0.20441730039969055
1061,0.06348718592139643
1062,0.11523101994940925
1066,0.27178486388842854
1068,0.05803017694443355
1069,0.17568758571573878
1070,0.2727725389969062
1071,0.08228616941190561
1073,0.19367846519774126
1074,0.2580617471139931
1076,0.21329750846090875
1077,0.9629350360968008
1079,0.8278790102319514
1080,0.250081959950381
1081,0.9310792448292448
1082,0.8839649311560784
1083,0.16279647176771864
1084,0.12865916460808063
1085,0.1033174529074755
1088,0.20959108288671516
1092,0.3062858941220673
1094,0.08212007239133426
1096,0.05669874394279475
1097,0.1553809653497784
1098,0.7308567646892328
1099,0.10327723497225509
1100,0.8001877284803255
1101,0.6860109571596124
1102,0.24640473026782886
1103,0.17352738555041533
1105,0.1987366393300275
1106,0.8718606172747624
1107,0.9119708994708996
1108,0.977281746031746
1109,0.04033338143682368
1111,0.7582302711122747
1113,0.9057608409362841
1114,0.06687514469676793
1115,0.27009318000240573
1116,0.14576595145267407
1117,0.11398982797132784
1118,0.19810829995560242
1119,0.3503229513386599
1120,0.22652068973843123
1121,0.06730857388787778
1124,0.25527747457976085
1125,0.3314295997744274
1126,0.08525025460560084
1127,0.8872612165861791
1128,0.17919343645530475
1131,0.8187094338410128
1132,0.12020143626173806
1133,0.23554099428732364
1135,0.12183351883475678
1136,0.13020684237200916
1137,0.06859025403309194
1138,0.25309656543234416
1140,0.1072573293826713
1143,0.09092802755568152
1148,0.3415686922539857
1150,0.160568266415463
1152,0.08798124858698081
1154,0.2890380115031735
1156,0.8516487537516948
1157,0.6297945299185216
1158,0.3585557932133988
1160,0.7052278001986763
1161,0.28023584060018136
1162,0.07321047575428269
1163,0.0879405494447177
1164,0.323458259800856
1165,0.6942239129660623
1166,0.06105333584134927
1167,0.9519325661567041
1171,0.44163893904414564
1172,0.11915068933831424
1173,0.27996000105941726
1175,0.8562796593926862
1177,0.1224753184115564
1179,0.13129911615898526
1180,0.5306311005269339
1182,0.022002513331241935
1184,0.3074472209363947
1185,0.2766100260462027
1188,0.7694812705901569
1190,0.09855615592928658
1191,0.24902268842084146
1192,0.12917503087541204
1193,0.2723554995361698
1195,0.2924861219766945
1196,0.01826985853789755
1198,0.2540399752260138
1200,0.8755759510205837
1201,0.015350719607709876
1202,0.6414057239057239
1203,0.8288492063492062
1204,0.3971121489248589
1206,0.14865454628385663
1207,0.14259893624636688
1210,0.8997364672364673
1211,0.2629222333653899
1212,0.22402229861090622
1215,0.06695746225443708
1216,0.1935890027055288
1217,0.17486473506334896
1218,0.3802306499333183
1219,0.8606028916427809
1220,0.07753948009621464
1221,0.10331277037708675
1224,0.11673101797767901
1225,0.15389698723559184
1226,0.16234520957167264
1228,0.12887044250470564
1231,0.24083821988006895
1233,0.3250234723966201
1234,0.3663319597557573
1235,0.33060528143861484
1237,0.17245955655541045
1238,0.24984326839602883
1239,0.4182554223505795
1240,0.08746117352128205
1241,0.06764708244971403
1242,0.2165123456790123
1243,0.12735699942718484
1244,0.28523067346596753
1245,0.18630315839578857
1246,0.05869454352358493
1248,0.9578094541910331
1249,0.08053626161111993
1250,0.054411896435885704
1251,0.37661803221402784
1252,0.39398521242137
1254,0.296576160472965
1255,0.08339284808185951
1256,0.10022553440296464
1257,0.13394640670608968
1258,0.401754870982009
1259,0.12382287938821003
1260,0.08215108039661932
1263,0.06727975817095147
1264,0.015125120711535205
1265,0.5396388128348147
1267,0.21228791899478822
1268,0.1662440286818541
1269,0.8707876465322523
1270,0.3988931679780737
1273,0.9682870370370371
1275,0.2922312686500279
1277,0.9322744464985844
1278,0.0802259240749237
1279,0.8944514312561213
1280,0.17429335353241865
1281,0.4578050604366393
1282,0.30470085470085473
1283,0.24360951505904838
1285,0.20896741459543966
1286,0.6556575142359458
1288,0.061023711620910644
1289,0.19906757024239055
1291,0.46746945780544014
1292,0.33002772764869537
1293,0.3810418156202247
1294,0.45310554823712723
1295,0.7494912712388908
1296,0.5126313849557583
1297,0.2808108003667998
1298,0.5597380178613807
1299,0.7435564292182201
1301,0.5713197826037385
1303,0.6174436813452306
1304,0.03414840389687013
1306,0.22250485379398052
1307,0.09935342400014982
1308,0.34093139854799903
1309,0.4206678727470369
1310,0.6825345167529001
1311,0.19251239225613986
1312,0.18105136179454986
1314,0.3754664648663255
1315,0.17865129179731024
1317,0.4293452321961094
1318,0.9385135112837019
1319,0.8749566470540685
1321,0.1867476776474124
1322,0.09828652095782044
1324,0.2935335349873533
1329,0.16997183646266084
1331,0.9409316560632349
1333,0.8327041172245239
1334,0.26397111986017024
1336,0.09059407713674973
1338,0.35062736940784134
1340,0.1575574270726512
1344,0.1840215659373018
1346,0.17122868045206424
1349,0.2150335932018117
1350,0.23673037649214881
1352,0.14407475868002184
1355,0.04810536847268029
1356,0.1780502597855091
1358,0.14545038680481956
1360,0.858967897201323
1361,0.09648466956766714
1362,0.094337433319348
1363,0.0622370746349901
1364,0.3727367551210284
1367,0.15244115883846837
1368,0.21933296926197537
1369,0.07536062061717898
1371,0.11458488703411616
1372,0.8946286562984463
1373,0.23842175508842173
1374,0.27327177480678466
1375,0.23926505429805733
1377,0.20285606893474042
1379,0.9207080731538235
1380,0.9159159825175907
1382,0.09603647704857175
1383,0.0928927160529068
1387,0.1381345929969384
1389,0.8549793413004304
1390,0.4909103479697415
1391,0.09984301275104493
1392,0.3807939150324986
1394,0.1401553597222478
1395,0.10466674071570686
1396,0.27315885726273487
1397,0.13734312238186272
1399,0.1631963775543396
1401,0.37316451384872446
1402,0.583551435703682
1403,0.48014462275856234
1405,0.9509766313932982
1407,0.28304812360011516
1408,0.03045696233993738
1409,0.1688883144146302
1411,0.28945718371150553
1412,0.1569830936147489
1415,0.3895048025377186
1417,0.36518320755608297
1419,0.6136557030051267
1420,0.47552040407988
1421,0.939547027047027
1422,0.16486457460621323
1423,0.29041144527986634
1424,0.11200283239983809
1425,0.22011133165080535
1427,0.9755644884216312
1428,0.08588162723946664
1430,0.5065324642991507
1431,0.08197510086523135
1433,0.9820537507932466
1434,0.4000464864117583
1435,0.22548767658212227
1436,0.276968789461223
1438,0.28725261733070256
1439,0.8589608660010472
1440,0.15107704033361272
1441,0.11768809118662066
1443,0.10511793666586922
1445,0.3867817462010826
1446,0.12374201506378704
1447,0.17736306860585332
1448,0.20819830978986578
1449,0.05378030840305414
1453,0.3040117191668459
1457,0.8296137254683196
1458,0.9574092924738379
1459,0.811804482493732
1460,0.3475963075834076
1461,0.3547929301783829
1464,0.8145295401755797
1465,0.14503795947480397
1466,0.09469576428794736
1467,0.8833908154479212
1468,0.08239990553402674
1469,0.3084529813307624
1471,0.11868534224726726
1472,0.22241796599751326
1473,0.23004637445946313
1474,0.12337237133669117
1475,0.21227755742217866
1477,0.06337668048764271
1478,0.14201628017774107
1479,0.1675089680223113
1480,0.19375589365822124
1481,0.3962101324601325
1482,0.5018841722793336
1483,0.15222668115762697
1484,0.04858106297858511
1485,0.09697864108782958
1486,0.885561474073481
1487,0.9303534753464666
1489,0.8845159932659932
1492,0.38463359147920245
1494,0.9856008331726885
1495,0.23946000191780456
1496,0.2549007274436552
1497,0.04665902802777767
1499,0.17756249924905826
1501,0.31841313432074
1502,0.16826123527895437
1503,0.5290292589581804
1504,0.8833669679993209
1506,0.5614433811802233
1507,0.19088742355614038
1509,0.23585383935799473
1513,0.06486257486107642
1514,0.08236649766531019
1515,0.2898167600373483
1516,0.06618541083595106
1520,0.03479334730266564
1522,0.9225323462718421
1523,0.13459836369602704
1525,0.11146427385878326
1527,0.28262099933109824
1529,0.26374044094459753
1533,0.15034929716391748
1534,0.939933918011649
1535,0.4630567496730985
1537,0.8631957567754702
1539,0.538083038491387
1541,0.0811111111111111
1542,0.11052436464980396
1543,0.27697686297229085
1544,0.1970806286307942
1545,0.052768371376019835
1546,0.12331670321110144
1547,0.19421997274879693
1548,0.3517140918944091
1549,0.14015552857199123
1550,0.37885704510704515
1551,0.26348189124206345
1552,0.32692892952771163
1553,0.13110420693434655
1554,0.2388995545117989
1555,0.11886862354422086
1556,0.6137380222497946
1557,0.13497343059101702
1558,0.5261932836334806
1560,0.3202008199072839
1562,0.7783120321502663
1563,0.1245335485281113
1564,0.4338809469569845
1568,0.12065885071063343
1569,0.9566103495270162
1572,0.11983048013218604
1573,0.3918196698684252
1574,0.08797059897081712
1576,0.28286881378726203
1577,0.6845799976636691
1578,0.13498753287150692
1580,0.22155942134808784
1581,0.15405701754385964
1582,0.07966373996640355
1583,0.19339991896743425
1585,0.1192649200450155
1586,0.4941484691620807
1587,0.47458451825118486
1588,0.21967922400217613
1590,0.04692738804666634
1591,0.1459437029634662
1592,0.21787845513815332
1594,0.3712241786334195
1595,0.2663230599944946
1596,0.10811602271686037
1597,0.09231533118617608
1598,0.12226744562283481
1599,0.193932709262984
1601,0.23350595163227447
1602,0.42493532643560455
1604,0.9923677248677247
1605,0.7306777209387648
1606,0.18419000304416974
1607,0.07488851787751609
1608,0.09222781930108022
1609,0.3045360560851864
1611,0.5265668229076655
1612,0.32885002697713905
1613,0.3646713385863624
1614,0.4634116398254462
1615,0.04058390983560832
1617,0.12167315390034532
1618,0.08535740202723859
1619,0.21870976935693076
1621,0.3084463654587382
1622,0.1183178361634924
1623,0.16205097853432746
1624,0.9836916786916786
1625,0.11703052514008581
1627,0.055875016746085145
1628,0.2153252012103441
1630,0.13081231876124444
1631,0.07737103569145118
1633,0.38164219963443513
1635,0.05720277512008619
1638,0.2497904629445218
1639,0.7377707009712566
1640,0.11944482214489519
1641,0.5852898616631224
1642,0.19939630980419404
1644,0.05731830684350999
1645,0.9424327090544411
1646,0.597835123451257
1647,0.11155085829090888
1648,0.10318539468330208
1649,0.9581569664902997
1650,0.2220863165608399
1651,0.14778714288769126
1653,0.0343666313081437
1654,0.06404003185171535
1655,0.230449205904318
1656,0.06368358466311681
1657,0.3421925224574262
1658,0.0222651323993502
1659,0.4407552287678557
1661,0.11968755157163892
1662,0.06834718916406718
1664,0.20005145727035462
1665,0.08857645274468592
1666,0.09499834936959368
1667,0.893914465164465
1668,0.1323889422210133
1669,0.1374416968366834
1670,0.03238070952391097
1671,0.01815601272317681
1673,0.19558302028171942
1674,0.7364003759398496
1675,0.3357175403268652
1676,0.14210733474550646
1677,0.12838959313251058
1678,0.3997153341521914
1680,0.24803260058819915
1681,0.44029398439822653
1682,0.32465122962846643
1683,0.5014535253570341
1684,0.9038461739134014
1687,0.104175914593068
1689,0.15261456256729605
1691,0.8120028142169455
1692,0.9522757896476383
1693,0.09241801119581224
1694,0.28534705254423165
1696,0.07242964009228778
1697,0.03623467949197064
1698,0.0709865085554057
1700,0.21358141577137982
1701,0.1647902264746997
1702,0.8575947382319931
1703,0.22072446314222635
1704,0.3850458724257351
1706,0.21591058938195162
1707,0.03690509646736588
1708,0.29304717149920567
1709,0.16935223839302188
1710,0.15457865821691508
1712,0.20821044042221967
1714,0.9182530772808549
1716,0.914154672488006
1718,0.11117556094906718
1719,0.06417175569916601
1720,0.15668795657133777
1721,0.08771966925267237
1722,0.06796196054186245
1724,0.3685101859994073
1725,0.23340915499018555
1727,0.14326129050043993
1728,0.041225254158700556
1729,0.18798402361996697
1731,0.14615120495033884
1732,0.30739650437997396
1733,0.77919086764374
1734,0.952350604307126
1735,0.48294933759424286
1736,0.2610271898520348
1737,0.1380720451407911
1739,0.1143935816039176
1740,0.3285154206290282
1744,0.15821803747147287
1745,0.3379798497162604
1746,0.40941752177863294
1747,0.8586860169261566
1749,0.11696047196309654
1751,0.16866642389548575
1752,0.7431550883285694
1753,0.5607528605329726
1754,0.3088388457355112
1755,0.41090559152262707
1756,0.1298681838993852
1757,0.22369674971272474
1758,0.9486874628465423
1760,0.06953679429295873
1761,0.7854262828846161
1762,0.3903447772942864
1763,0.2301822490789842
1764,0.3210164998286472
1766,0.5891717657342657
1767,0.9037612940799215
1768,0.27203469245948625
1770,0.058905106254565846
1771,0.14320229184236957
1772,0.12327930693835931
1774,0.0572208838391009
1775,0.1315113068043854
1778,0.16262629656412256
1779,0.40021832794732404
1780,0.8888396004866592
1782,0.037073362577565765
1783,0.7414417989417991
1784,0.28762770376655766
1786,0.1113041200476039
1787,0.04246623144266307
1789,0.2615527505689089
1790,0.28465207631874295
1792,0.9467143658810324
1794,0.17086524601490746
1797,0.912273591143197
1798,0.25776647513209877
1799,0.17466017942069337
1800,0.09492756110111346
1801,0.4128180322774284
1802,0.07212872903084196
1803,0.1287865403020632
1804,0.012478014074854363
1805,0.13913567824684953
1807,0.7911003999241449
1809,0.7352591804512308
1812,0.17124290827392655
1813,0.37076520231201754
1814,0.27844630355998923
1815,0.07457939258563853
1816,0.39070449998583806
1818,0.8592592592592594
1821,0.8428752911939187
1822,0.055012885511879515
1823,0.03587792028093628
1824,0.3289050449502927
1826,0.08659421634790886
1827,0.2065938104818394
1829,0.176691522685063
1830,0.14238266685337408
1833,0.08874913186516821
1834,0.06337539932224959
1835,0.16900460713125082
1836,0.12621325018353233
1837,0.4546207787203036
1839,0.2514540139543862
1842,0.8997061681248368
1844,0.9600000000000001
1845,0.11776469053492222
1847,0.3352068669332842
1849,0.08887163934807085
1850,0.2424723524812754
1852,0.14446903614793785
1853,0.5663186736203633
1854,0.1930174715287858
1856,0.3449656167414599
1857,0.09507415665526787
1858,0.17579772693137874
1859,0.08342166338046607
1860,0.17925081565446457
1862,0.9386276132535207
1863,0.12178336998830112
1864,0.12196342414902574
1865,0.5934217875039373
1866,0.149008580098613
1867,0.2781130712226527
1868,0.9997685185185186
1869,0.763541840148531
1870,0.1473238987499663
1871,0.17097641699046484
1873,0.12951864953471562
1875,0.14292535035321968
1876,0.8899497132186208
1878,0.9615665088647545
1880,0.3069138471989349
1881,0.16560545548132222
1882,0.15031185394761484
1883,0.48718879502081863
1885,0.1806297457638964
1886,0.5816814029139473
1888,0.03916700998346738
1890,0.2360189696903884
1892,0.04634469433822321
1893,0.31805926100853643
1898,0.18835497650955288
1900,0.3404791765884795
1903,0.06613676458221728
1905,0.9443627450980393
1907,0.8443290984951172
1908,0.28883217057125704
1909,0.10255672652211459
1911,0.15312234038054187
1912,0.1237886588121993
1915,0.2163029530950942
1916,0.13830707416128873
1918,0.07486503656493113
1922,0.07731217745081413
1924,0.23292537562142046
1927,0.38948145520149813
1928,0.9612750532645491
1929,0.2972576151714411
1931,0.3350891428725927
1932,0.15996275823932377
1933,0.9327809822251494
1934,0.24808334645943034
1935,0.21534783426592535
1936,0.1659521156032617
1937,0.11601010101010102
1938,0.4194139194139195
1939,0.9378041046023502
1940,0.04030252559104188
1941,0.0745048842430715
1943,0.1569804865177936
1944,0.9583068075715134
1945,0.2551058950661654
1947,0.3346432862024135
1948,0.12560033513397478
1949,0.12034519737532412
1950,0.26223216777181413
1951,0.14967853991607666
1952,0.371805065205209
1954,0.14805530077956192
1955,0.17731842627636904
1956,0.14163903116926735
1960,0.8769705493287662
1961,0.5840917755991286
1962,0.3755307086447355
1965,0.11356892762241194
1966,0.4284619413167355
1967,0.9201115419333983
1968,0.8954573374380542
1969,0.10362915661362984
1970,0.09737518452904009
1971,0.17099022562485658
1972,0.2719002833869215
1973,0.10002923976608186
1974,0.7912994189203867
1975,0.4485118803358367
1976,0.07596993005128722
1979,0.10494110605666838
1980,0.2343738230580336
1981,0.10775172688646101
1982,0.08011081405905514
1985,0.1992688029211432
1986,0.09269508496937069
1987,0.1903394566508896
1989,0.1334822966028617
1992,0.5794832462147453
1993,0.1261037848086033
1994,0.51213463710887
1995,0.13778338650813882
1996,0.23999750592753416
1997,0.08489031015425272
1998,0.5520045903146289
1999,0.10641305102566433
2000,0.15944126225035934
2003,0.5170575256068559
2007,0.16006698862129715
2008,0.1259324188759275
2009,0.17198127244728123
2010,0.47216705085680105
2012,0.21090160813845027
2013,0.0958552991906851
2014,0.37603035207715213
2015,0.24141269896140657
2016,0.16283894542822683
2017,0.08648213125406107
2018,0.3519860982078584
2019,0.1269034218625722
2020,0.7064554508672156
2021,0.7891983430799221
2022,0.1831199945453413
2023,0.940973544973545
2024,0.14368760280281703
2025,0.17243372296409373
2026,0.14736968536708878
2027,0.7961875705787621
2031,0.24954067534679913
2032,0.861362331452284
2034,0.1293911099331447
2035,0.04497090827533322
2036,0.07525671222305387
2037,0.14808679398275407
2038,0.40193693979634226
2040,0.3331649214982549
2041,0.2940946425102915
2044,0.7918522159063603
2045,0.10790395545761587
2046,0.33231492049371
2048,0.21735629531150424
2049,0.32478229590877933
2051,0.10661307945552302
2052,0.056469852709449264
2053,0.5084341421161811
2054,0.2831188819228243
2055,0.7904448975946653
2056,0.14842907008253983
2057,0.572776581238492
2060,0.43347906089639116
2061,0.08160731070413664
2062,0.06523079062154524
2064,0.10565781264358463
2065,0.11976668047021166
2068,0.06022409666941228
